"SUJETO","SEXO","EDAD","AÑOSDEESTUDIO","INGRESOS","LOCALIDADPROCEDENCIA","LOCALIDADDERESIDENCIA","BARRIO","EDADLLEGADAMÁLAGA","TIEMPORESIDENCIA","OCUPACIÓN","OCUPACIÓNPADRE","OCUPACIÓNMADRE","ESTUDIOSPADRE","ESTUDIOSMADRE","CLASEFAMILIA","LIBROSAÑO","PRENSALOCAL","PRENSANACIONAL","TVNOTICIAS","TVCORAZÓN","RADIO","BUSQUEDASENINTERNET","CHAT…","JUEGOS","BAJARDEINTERNET","TOTALHORASINTERNET","CASADO","ORIGENCÓNYUGE","NÚMERODEHIJOS","EDADHIJO1","EDADHIJO2","EDADHIJO3","EDADHIJO4","EDADHIJO5","EDADHIJO6","EDUCACIÓNHIJO1","EDUCACIÓNHIJO2","EDUCACIÓNHIJO3","EDUCACIÓNHIJO4","EDUCACIÓNHIJO5","EDUCACIONHIJO6","RESIDENCIAHIJO1","RESIDENCIAHIJO2","RESIDENCIAHIJO3","RESIDENCIAHIJO4","RESIDENCIAHIJO5","RESIDENCIAHIJO6","COMPAÑEROSDETRABAJO","AMIGOS","PARIENTES","VECINOS","MÁSDEUNARELACIÓN","SEXOSUJETO1","SEXOSUJETO2","SEXOSUJETO3","SEXOSUJETO4","SEXOSUJETO5","SEXOSUJETO6","SEXOSUJETO7","SEXOSUJETO8","SEXOSUJETO9","SEXOSUJETO10","SEXOSUJETO11","SEXOSUJETO12","SEXOSUJETO13","SEXOSUJETO14","EDADSUJETO1","EDADSUJETO2","EDADSUJETO3","EDADSUJETO4","EDADSUJETO5","EDADSUJETO6","EDADSUJETO7","EDADSUJETO8","EDADSUJETO9","EDADSUJETO10","EDADSUJETO11","EDADSUJETO12","EDADSUEJTO13","EDADSUJETO14","ORIGENSUJETO1","ORIGENSUJETO2","ORIGENSUJETO3","ORIGENSUJETO4","ORIGENSUJETO5","ORIGENSUJETO6","ORIGENSUJETO7","ORIGENSUJETO8","ORIGENSUJETO9","ORIGENSUJETO10","ORIGENSUJETO11","ORIGENSUJETO12","ORIGENSUJETO13","ORIGENSUJETO14","OCUPACIONSUJETO1","OCUPACIONSUJETO2","OCUPACIONSUJETO3","OCUPACIONSUJETO4","OCUPACIONSUJETO5","OCUPACIONSUJETO6","OCUPACIONSUJETO7","OCUPACIONSUJETO8","OCUPACIONSUJETO9","OCUPACIONSUJETO10","OCUPACIONSUJETO11","OCUPACIONSUJETO12","OCUPACIONSUJETO13","OCUPACIONSUJETO14","TIPODERELACIÓNSUJETO1","TIPODERELACIÓNSUJETO2","TIPODERELACIÓNSUJETO3","TIPODERELACIÓNSUJETO4","TIPODERELACIÓNSUJETO5","TIPODERELACIÓNSUJETO6","TIPODERELACIÓNSUJETO7","TIPODERELACIÓNSUJETO8","TIPODERELACIÓNSUJETO.","TIPODERELACIÓNSUJETO10","TIPODERELACIONSUJETO11","TIPODERELACIONSUJETO12","TIPODERELACION13","TIPODERELACIONSUJETO14","EDUCACIÓNSUJETO1","EDUCACIÓNSUJETO2","EDUCACIÓNSUJETO3","EDUCACIÓNSUJETO4","EDUCACIÓNSUJETO5","EDUCACIÓNSUJETO6","EDUCACIÓNSUJETO7","EDUCACIÓNSUJETO8","EDUCACIÓNSUJETO.","EDUCACIÓNSUJETO10","EDUCACIÓNSUJETO11","EDUCACIÓNSUJETO12","EDUCACIONSUJETO13","EDUCACIÓNSUJETO14","RESIDENCIASUJETO1","RESIDENCIASUJETO2","RESIDENCIASUJETO3","RESIDENCIASUJETO4","RESIDENCIASUJETO5","RESIDENCIASUJETO6","RESIDENCIASUJETO7","RESIDENCIASUJETO8","RESIDENCIASUJETO.","RESIDENCIASUJETO10","RESIDENCIASUJETO11","RESIDENCIASUJETO12","RESIDENCIASUJETO13","RESIDENCIASUJETO14","FRECUENCIAREUNIÓNSUJETO1","FRECUENCIAREUNIÓNSUJETO2","FRECUENCIAREUNIÓNSUJETO3","FRECUENCIAREUNIÓNSUJETO4","FRECUENCIAREUNIÓNSUJETO5","FRECUENCIAREUNIÓNSUJETO6","FRECUENCIAREUNIÓNSUJETO7","FRECUENCIAREUNIÓNSUJETO8","FRECUENCIAREUNIÓNSUJETO.","FRECUENCIAREUNIÓNSUJETO10","FRECUENCIAREUNIÓNSUJETO11","FRECUENCIAREUNIÓNSUJETO12","FRECUENCIAREUNIONSUJETO13","FRECUENCIAREUNIONSUJETO14","FAVORASUJETO1","FAVORASUJETO2","FAVORASUJETO3","FAVORASUJETO4","FAVORASUJETO5","FAVORASUJETO6","FAVORASUJETO7","FAVORASUJETO8","FAVORASUJETO.","FAVORASUJETO10","FAVORSUJETO11","FAVORSUJETO12","FAVORSUJETO13","FAVORSUJETO14","COMOVEASUJETO1","COMOVEASUJETO2","COMOVEASUJETO3","COMOVEASUJETO4","COMOVEASUJETO5","COMOVEASUJETO6","COMOVEASUJETO7","COMOVEASUJETO8","COMOVEASUJETO.","COMOVEASUJETO10","COMOVEASUJETO11","COMOVEASUJETO12","COMOVEASUJETO13","COMOVEASUJETO14","FAVORIMPORTANTEACOMPTRAB","FAVORIMPORTANTEAVECINOS","FAVORIMPORTANTEAMIGOS","FAVORIMPORTANTEAMÍNTIMOS","FAVORIMPORTANTEPARIENTES","FAVORIMPORTANTEMASUNARELAC","SATISFACCIONRED","PERSONASQUETRATASON","SECONOCENENTRESÍ","SETRATANENTRESÍ","DENSIDAD1","DENSIDAD2","DENSIDAD3","DENSIDAD4","DENSIDAD5","DENSIDAD6","DENSIDAD7","MULTIPLICIDAD1","MULTIPLICIDAD2","MULTIPLICIDAD3","MULTIPLICIDAD4","MULTIPLICIDAD5","MULTIPLICIDAD6","FUERZAVÍNCULOS1","FUERZAVÍNCULOS2","FUERZAVÍNCULOS3","FUERZAVÍNCULOS4","MODERNIDAD1","MODERNIDAD2","MODERNIDAD3","MODERNIDAD4","MODERNIDAD5","MODERNIDAD6","UTILIDADRED1","UTILIDADRED2","UTILIDADRED3","SOLUCIÓNDEPROBLEMAS1","SOLUCIÓNDEPROBLEMAS2","SOLUCIÓNDEPROBLEMAS3","SOLUCIÓNDEPROBLEMAS4","HACERLACAMA","FREGARPLATOS","C1","C2","C3","C4","C5","C6","C7","C8","C9","C10","C11","C12","C13","C14","C15","C16","C17","C18","C19","C20","TOTALdepalabras"
"001",1,69,4,2,1,1,"03","..",69,1,2,1,"04","00",1,4,4,1,2,3,4,"..","..","..","…","…",1,1,3,"43","36","33","..","..","..",4,5,3,".",".",".",1,1,1,".",".",".",0,0,4,2,6,1,1,1,1,1,1,".",".",".",".",".",".",".",".",69,75,82,80,69,53,"..","..","..","..","..","..","..","..",1,1,1,1,1,1,".",".",".",".",".",".",".",".",1,1,1,1,1,1,".",".",".",".",".",".",".",".",5,5,5,5,5,5,".",".",".",".",".",".",".",".",1,1,1,1,1,1,".",".",".",".",".",".",".",".",3,3,3,3,1,0,".",".",".",".",".",".",".",".",5,5,5,5,5,5,".",".",".",".",".",".",".",".",1,1,1,1,1,2,".",".",".",".",".",".",".",".",2,4,4,4,2,2,".",".",".",".",".",".",".",".",0,0,0,0,0,5,3,1,3,3,1,1,1,1,1,1,1,0,0,0,0,1,1,1,1,0,0,1,0,0,0,0,0,".",".",2,1,2,2,2,3,2,14,15,18,14,21,11,15,13,9,15,14,10,12,19,13,19,10,8,17,13,"280"
"002",0,71,4,2,1,1,"02","..",71,2,1,1,"00","00",1,1,4,1,4,2,4,"..","..","..","…","…",1,1,3,"43","36","33","..","..","..",4,5,3,".",".",".",1,1,1,".",".",".",1,2,1,3,0,0,0,0,0,0,0,0,".",".",".",".",".",".",".",37,73,80,76,70,70,58,"..","..","..","..","..","..","..",1,1,1,1,1,2,1,".",".",".",".",".",".",".",2,2,1,2,1,2,2,".",".",".",".",".",".",".",4,2,2,1,3,3,3,".",".",".",".",".",".",".",1,1,1,0,0,0,2,".",".",".",".",".",".",".",5,3,3,1,0,0,0,".",".",".",".",".",".",".",0,4,4,6,5,5,5,".",".",".",".",".",".",".",2,1,1,1,2,2,2,".",".",".",".",".",".",".",1,3,4,3,3,1,3,".",".",".",".",".",".",".",0,0,0,5,3,0,3,1,2,2,1,1,1,1,1,0,0,0,0,0,0,0,0,1,1,0,0,1,0,0,0,1,0,4,".",2,1,2,1,2,3,2,19,13,12,13,24,14,14,12,8,13,8,11,8,12,10,15,10,4,11,16,"247"
"003",0,20,12,4,1,1,"16","..",20,".",3,3,"17","17",2,1,1,1,4,3,0,"..","..","..","…","…",2,".",".","..","..","..","..","..","..",".",".",".",".",".",".",".",".",".",".",".",".",3,3,0,0,3,0,0,0,0,0,0,".",".",".",".",".",".",".",".",19,19,19,20,20,19,"..","..","..","..","..","..","..","..",1,1,1,1,1,1,".",".",".",".",".",".",".",".",".",".",".",".",".",".",".",".",".",".",".",".",".",".",5,5,5,2,2,2,".",".",".",".",".",".",".",".",3,3,3,3,3,3,".",".",".",".",".",".",".",".",3,3,4,4,3,3,".",".",".",".",".",".",".",".",5,5,5,3,3,3,".",".",".",".",".",".",".",".",1,1,1,1,1,1,".",".",".",".",".",".",".",".",3,4,3,4,4,4,".",".",".",".",".",".",".",".",2,".",1,3,1,".",3,3,1,1,1,1,0,1,1,0,0,0,1,0,0,0,0,1,1,0,0,1,1,0,1,1,1,".",".",2,1,2,1,2,".",".",16,13,13,9,26,10,14,11,4,14,14,18,5,12,9,11,11,20,14,13,"257"
"004",1,24,17,3,1,1,"03","..",24,1,1,1,"06","06",1,2,0,0,1,3,0,"..","..","..","…","…",2,".",".","..","..","..","..","..","..",".",".",".",".",".",".",".",".",".",".",".",".",3,3,2,0,0,1,1,1,1,1,1,1,0,".",".",".",".",".",".",26,23,26,24,25,26,67,"67","..","..","..","..","..","..",1,1,1,1,2,1,2,1,".",".",".",".",".",".",2,1,2,1,3,3,1,1,".",".",".",".",".",".",4,4,4,2,2,2,1,1,".",".",".",".",".",".",1,3,3,5,5,4,0,0,".",".",".",".",".",".",4,4,4,4,4,4,3,3,".",".",".",".",".",".",4,4,4,5,4,4,5,3,".",".",".",".",".",".",2,2,2,1,2,1,1,1,".",".",".",".",".",".",4,3,3,3,3,4,3,2,".",".",".",".",".",".",0,0,0,2,2,0,2,6,2,3,1,1,0,1,1,0,0,0,1,0,0,0,0,1,1,0,0,1,1,1,1,1,1,3,1,2,1,2,2,2,".",".",25,16,10,12,23,13,17,15,11,17,9,20,10,24,13,21,17,17,18,16,"324"
"005",0,24,17,4,1,1,"37","..",24,1,1,2,"06","06",2,2,2,3,4,3,3,"..","..","..","…","…",2,".",0,"..","..","..","..","..","..",".",".",".",".",".",".",".",".",".",".",".",".",3,3,0,0,0,1,0,0,0,0,0,".",".",".",".",".",".",".",".",25,26,26,25,26,25,"..","..","..","..","..","..","..","..",1,1,1,1,1,2,".",".",".",".",".",".",".",".",3,1,1,1,2,1,".",".",".",".",".",".",".",".",2,2,2,2,2,2,".",".",".",".",".",".",".",".",5,3,3,3,5,3,".",".",".",".",".",".",".",".",4,5,4,3,3,4,".",".",".",".",".",".",".",".",4,3,3,5,5,5,".",".",".",".",".",".",".",".",1,2,2,1,1,1,".",".",".",".",".",".",".",".",1,1,3,4,4,3,".",".",".",".",".",".",".",".",2,0,1,2,0,0,3,2,2,2,1,0,0,1,1,0,0,0,1,0,0,1,0,1,1,0,0,1,0,0,1,1,1,4,".",2,1,2,1,1,".",".",30,24,18,15,18,18,20,20,13,29,22,22,13,32,26,31,27,33,25,31,"467"
"006",1,26,15,4,1,1,"14","..",26,3,1,1,"04","04",1,1,1,1,3,0,0,"..","..","..","…","…",2,".",".","..","..","..","..","..","..",".",".",".",".",".",".",".",".",".",".",".",".",3,3,3,3,0,1,1,1,1,1,1,1,1,0,1,1,1,".",".",36,24,40,24,26,24,28,"08","28",56,35,63,"..","..",1,1,3,1,1,1,1,2,2,1,1,1,".",".",2,2,3,3,2,2,3,".",3,1,1,2,".",".",4,4,4,2,2,2,1,1,1,3,3,3,".",".",3,4,4,5,5,4,3,0,2,2,3,1,".",".",4,4,2,4,1,4,5,5,5,0,0,0,".",".",5,5,5,4,4,3,2,2,1,4,3,4,".",".",2,2,2,1,1,1,1,2,2,2,2,2,".",".",1,1,1,3,3,3,3,4,3,3,3,1,".",".",0,0,1,4,2,0,2,2,1,1,1,1,0,1,1,0,0,0,0,0,0,1,0,1,1,0,0,1,1,1,1,1,1,3,5,2,1,1,1,1,".",".",26,19,16,20,30,14,21,28,14,28,26,16,13,32,17,25,13,23,25,26,"432"
"008",0,57,8,1,1,1,"02","..",57,1,2,1,"04","04",1,2,3,1,3,3,0,"..","..","..","…","…",1,1,0,"..","..","..","..","..","..",".",".",".",".",".",".",".",".",".",".",".",".",3,4,4,4,0,1,1,1,0,0,0,".",".",".",".",".",".",".",".",60,58,55,58,68,60,"..","..","..","..","..","..","..","..",1,1,1,1,1,1,".",".",".",".",".",".",".",".",1,1,1,1,1,1,".",".",".",".",".",".",".",".",4,4,4,2,2,2,".",".",".",".",".",".",".",".",1,2,2,1,1,2,".",".",".",".",".",".",".",".",2,2,2,2,2,2,".",".",".",".",".",".",".",".",6,6,6,5,4,6,".",".",".",".",".",".",".",".",1,1,1,1,1,1,".",".",".",".",".",".",".",".",4,4,1,1,2,1,".",".",".",".",".",".",".",".",0,0,0,3,0,0,3,3,3,3,1,1,0,0,1,0,0,0,1,0,1,1,1,0,1,0,0,1,1,0,1,1,0,3,3,1,".",".",".",".",3,3,23,19,20,17,21,16,15,16,12,16,16,18,11,19,15,14,10,13,20,18,"329"
"009",0,43,6,4,1,1,"01","..",43,1,1,1,"00","00",2,0,0,0,3,4,3,"..","..","..","…","…",1,1,3,"14","09","07","..","..","..",1,0,0,".",".",".",1,1,1,".",".",".",2,1,4,5,1,0,0,0,1,1,0,".",".",".",".",".",".",".",".",49,20,38,41,38,45,"..","..","..","..","..","..","..","..",1,1,1,1,1,1,".",".",".",".",".",".",".",".",1,1,2,1,1,2,".",".",".",".",".",".",".",".",4,4,5,1,1,1,".",".",".",".",".",".",".",".",0,1,1,2,2,1,".",".",".",".",".",".",".",".",4,4,4,2,2,2,".",".",".",".",".",".",".",".",5,5,3,3,3,3,".",".",".",".",".",".",".",".",1,2,1,2,2,2,".",".",".",".",".",".",".",".",1,3,2,1,2,4,".",".",".",".",".",".",".",".",".",".",".",".",".",".",0,1,1,1,0,0,1,0,1,0,0,0,1,0,1,0,1,1,0,0,0,1,0,0,1,1,0,4,".",2,1,2,2,2,2,2,16,19,16,14,10,13,11,14,9,14,16,14,12,13,12,12,14,13,13,18,"273"
"010",1,50,17,4,2,1,"16","24",26,3,2,1,"15","08",2,3,3,0,4,0,0,"..","..","..","…","…",1,4,2,"24","19","..","..","..","..",5,3,".",".",".",".",1,1,".",".",".",".",1,2,2,3,1,1,1,1,1,0,1,0,1,".",".",".",".",".",".",56,45,51,50,48,67,35,"58","..","..","..","..","..","..",1,2,1,3,3,1,1,1,".",".",".",".",".",".",3,3,1,4,4,1,1,2,".",".",".",".",".",".",4,5,2,1,1,3,3,3,".",".",".",".",".",".",4,4,3,5,5,1,2,3,".",".",".",".",".",".",5,4,3,5,5,0,0,0,".",".",".",".",".",".",5,4,0,1,1,3,6,4,".",".",".",".",".",".",1,1,2,1,1,2,2,1,".",".",".",".",".",".",4,2,2,2,2,4,4,4,".",".",".",".",".",".",1,0,0,1,2,1,2,3,1,1,1,1,0,0,1,0,0,0,0,0,0,0,0,1,1,0,0,1,0,1,1,1,1,1,".",1,".",".",".",".",2,2,18,23,25,25,29,24,25,32,23,18,32,20,15,31,19,24,23,33,24,36,"499"
"012",1,43,17,4,1,1,"24","..",43,3,1,1,"06","06",2,3,4,3,4,4,0,"10","00","00","000","010",1,1,3,"13","11","08","..","..","..",2,1,0,".",".",".",1,1,1,".",".",".",4,3,3,3,0,0,1,0,0,0,1,".",".",".",".",".",".",".",".",37,36,43,45,45,43,"..","..","..","..","..","..","..","..",1,1,1,1,1,1,".",".",".",".",".",".",".",".",4,3,3,4,3,3,".",".",".",".",".",".",".",".",1,1,1,1,2,2,".",".",".",".",".",".",".",".",5,5,5,5,5,5,".",".",".",".",".",".",".",".",3,3,0,0,0,0,4,".",".",".",".",".",".",".",3,3,6,1,1,3,".",".",".",".",".",".",".",".",1,2,1,2,2,2,".",".",".",".",".",".",".",".",2,2,1,2,2,1,".",".",".",".",".",".",".",".",0,0,0,2,0,0,3,1,1,1,1,1,0,0,1,0,0,0,1,1,1,0,0,1,1,0,0,1,0,0,1,1,1,1,".",2,1,1,1,1,3,1,47,34,33,23,39,27,38,38,23,33,40,30,14,47,29,35,37,28,36,33,"664"
"013",0,42,17,4,1,1,"24","..",42,3,2,1,"06","06",2,4,4,4,4,4,0,"07","07","00","010","024",1,1,3,"13","11","08","..","..","..",2,1,0,".",".",".",1,1,1,".",".",".",3,2,3,0,0,0,1,0,1,0,1,".",".",".",".",".",".",".",".",42,42,70,69,37,36,"..","..","..","..","..","..","..","..",1,1,1,1,1,1,".",".",".",".",".",".",".",".",3,3,1,1,4,3,".",".",".",".",".",".",".",".",2,2,1,1,1,1,".",".",".",".",".",".",".",".",5,5,1,1,5,5,".",".",".",".",".",".",".",".",3,4,3,3,3,3,".",".",".",".",".",".",".",".",1,6,5,5,3,3,".",".",".",".",".",".",".",".",1,1,1,1,2,2,".",".",".",".",".",".",".",".",2,3,3,2,2,2,".",".",".",".",".",".",".",".",2,0,0,2,1,1,3,7,2,2,1,1,1,0,1,1,1,0,1,0,0,0,1,1,1,0,0,1,0,0,1,1,1,1,".",2,1,1,1,1,3,3,28,28,24,20,28,25,21,19,21,15,26,22,15,28,21,28,25,22,27,30,"473"
"014",1,33,10,3,1,1,"03","..",32,1,1,1,"06","06",1,4,4,0,4,0,0,"00","02","00","000","002",2,".",0,"..","..","..","..","..","..",".",".",".",".",".",".",".",".",".",".",".",".",3,3,3,0,0,1,0,0,".",".",".",".",".",".",".",".",".",".",".",36,35,37,"..","..","..","..","..","..","..","..","..","..","..",1,4,1,".",".",".",".",".",".",".",".",".",".",".",3,1,4,".",".",".",".",".",".",".",".",".",".",".",1,2,1,".",".",".",".",".",".",".",".",".",".",".",5,3,5,".",".",".",".",".",".",".",".",".",".",".",2,5,2,".",".",".",".",".",".",".",".",".",".",".",2,0,2,".",".",".",".",".",".",".",".",".",".",".",2,1,2,".",".",".",".",".",".",".",".",".",".",".",3,1,3,".",".",".",".",".",".",".",".",".",".",".",0,0,0,0,1,0,3,6,3,0,0,0,1,0,0,0,0,0,0,0,1,0,1,1,0,0,0,1,0,0,0,1,1,1,".",2,1,2,2,2,".",".",32,27,23,31,34,22,23,29,15,34,29,25,12,31,33,34,31,20,33,38,"556"
"015",1,36,17,4,1,1,"03","..",36,3,2,1,"00","00",2,3,3,1,4,2,4,"..","..","..","…","…",1,1,1,"08","..","..","..","..","..",0,".",".",".",".",".",1,".",".",".",".",".",4,2,1,0,3,0,0,1,1,0,1,".",".",".",".",".",".",".",".",55,55,35,43,43,35,"..","..","..","..","..","..","..","..",5,5,1,1,1,1,".",".",".",".",".",".",".",".",3,3,1,3,3,1,".",".",".",".",".",".",".",".",4,4,1,1,1,1,".",".",".",".",".",".",".",".",4,4,2,5,5,3,".",".",".",".",".",".",".",".",3,3,2,3,3,2,".",".",".",".",".",".",".",".",5,5,4,4,4,2,".",".",".",".",".",".",".",".",1,2,1,1,1,1,".",".",".",".",".",".",".",".",1,1,1,3,3,3,".",".",".",".",".",".",".",".",0,0,0,0,0,4,3,1,1,1,1,0,1,1,1,0,0,0,0,0,1,0,1,1,0,0,0,1,0,0,1,1,1,2,".",1,".",".",".",".",2,2,40,31,19,23,41,23,30,30,18,33,22,25,11,37,33,33,23,22,31,23,"548"
"019",0,46,17,4,1,1,"24","..",46,4,4,2,"20","12",3,3,3,3,4,4,1,"08","02","00","001","011",1,1,2,"19","12","..","..","..","..",3,1,".",".",".",".",2,1,".",".",".",".",2,2,2,0,0,1,1,0,".",".",".",".",".",".",".",".",".",".",".",50,45,46,"..","..","..","..","..","..","..","..","..","..","..",".",".",1,".",".",".",".",".",".",".",".",".",".",".",3,3,3,".",".",".",".",".",".",".",".",".",".",".",4,4,2,".",".",".",".",".",".",".",".",".",".",".",5,5,5,".",".",".",".",".",".",".",".",".",".",".",4,4,5,".",".",".",".",".",".",".",".",".",".",".",5,5,1,".",".",".",".",".",".",".",".",".",".",".",1,1,1,".",".",".",".",".",".",".",".",".",".",".",1,1,3,".",".",".",".",".",".",".",".",".",".",".",0,0,0,5,4,0,3,5,2,1,0,0,1,1,0,0,0,0,0,0,1,0,0,0,0,0,0,1,1,0,1,0,0,1,".",2,2,2,1,2,3,3,33,27,24,22,25,23,25,19,15,36,25,26,21,37,23,28,27,25,25,29,"515"
"021",0,34,17,3,1,1,"32","..",34,4,2,1,"12","12",1,2,2,2,2,4,0,"30","01","00","001","032",1,1,".","..","..","..","..","..","..",".",".",".",".",".",".",".",".",".",".",".",".",3,3,3,3,0,0,0,0,0,0,0,0,1,1,0,0,1,".",".",33,33,26,33,34,34,69,"70","37",34,35,31,"..","..",1,1,1,4,1,1,1,4,1,2,1,2,".",".",4,4,4,4,4,4,".",1,4,4,3,4,".",".",4,4,4,2,2,2,1,1,1,3,3,3,".",".",5,5,5,5,5,4,3,3,5,5,5,5,".",".",5,4,4,4,4,4,4,4,5,0,1,1,".",".",5,5,5,3,3,1,3,3,3,2,2,2,".",".",1,2,1,1,1,2,1,1,1,2,2,2,".",".",3,3,1,3,3,3,3,3,1,4,2,2,".",".",0,0,0,2,0,1,2,8,1,1,0,0,0,0,0,0,0,0,1,1,0,0,0,1,1,0,0,1,1,0,1,1,1,3,3,2,1,2,1,2,3,1,20,22,18,20,28,22,24,21,10,27,30,18,14,28,23,25,23,24,28,26,"451"
"022",1,31,20,3,1,1,"32","..",31,4,2,1,"04","04",1,3,2,2,2,1,0,"30","05","00","000","035",1,1,".","..","..","..","..","..","..",".",".",".",".",".",".",".",".",".",".",".",".",3,3,3,3,0,1,1,1,1,1,1,0,0,0,0,0,1,".",".",27,34,54,31,31,32,69,"37","41",34,35,31,"..","..",1,1,3,1,1,1,2,1,1,2,1,2,".",".",4,4,4,3,3,3,2,2,2,4,3,4,".",".",4,4,4,2,2,2,1,1,1,3,3,3,".",".",5,5,5,5,5,5,1,2,2,5,5,5,".",".",4,5,4,4,4,4,4,2,5,0,1,1,".",".",5,5,5,2,2,2,4,2,1,2,2,2,".",".",2,1,2,1,1,1,1,1,1,2,2,2,".",".",1,1,3,3,1,3,4,3,3,4,2,2,".",".",0,0,0,1,3,0,2,8,1,1,1,0,0,0,1,1,0,0,1,1,1,0,0,1,0,0,0,1,1,0,1,1,1,1,".",2,1,2,2,2,3,1,27,23,17,18,29,14,21,25,6,16,20,13,14,29,25,23,18,18,25,18,"399"
"023",0,20,12,4,1,1,"35","..",20,".",4,3,"15","17",2,1,1,4,4,3,1,"01","02","01","0002","006",1,1,".","..","..","..","..","..","..",".",".",".",".",".",".",".",".",".",".",".",".",2,2,3,2,1,0,0,0,0,0,0,1,1,1,1,".",".",".",".",20,19,19,20,23,50,59,"45","60",50,"..","..","..","..",1,1,2,1,5,1,5,2,1,1,".",".",".",".",".",".",".",".",1,3,4,2,1,2,".",".",".",".",5,4,4,2,2,1,1,1,3,3,".",".",".",".",3,3,3,3,2,4,5,2,1,3,".",".",".",".",3,3,3,4,4,3,3,5,0,0,".",".",".",".",5,5,5,4,4,1,1,1,3,1,".",".",".",".",1,2,2,1,1,2,2,1,2,2,".",".",".",".",4,4,1,3,3,3,4,3,3,3,".",".",".",".",0,0,1,3,3,0,2,5,2,2,1,1,0,0,1,0,0,0,1,0,1,0,0,1,1,0,0,1,1,1,1,1,1,".",".",2,1,1,1,2,".",".",26,31,16,18,28,16,23,23,9,30,33,18,17,26,24,28,16,31,22,23,"458"
"024",0,27,12,4,1,1,"28","..",27,2,2,2,"08","12",2,0,3,3,1,4,0,"02","00","00","000","002",1,2,1,"05","..","..","..","..","..",0,".",".",".",".",".",1,".",".",".",".",".",1,0,3,2,2,0,0,0,1,1,0,1,0,".",".",".",".",".",".",26,23,40,22,40,44,50,"24","..","..","..","..","..","..",5,1,2,2,2,2,2,1,".",".",".",".",".",".",2,2,3,".",1,1,2,".",".",".",".",".",".",".",2,2,4,1,1,1,3,3,".",".",".",".",".",".",4,3,5,3,2,1,2,4,".",".",".",".",".",".",4,2,2,4,4,4,0,0,".",".",".",".",".",".",5,5,5,6,5,5,4,5,".",".",".",".",".",".",1,1,2,1,1,1,2,2,".",".",".",".",".",".",4,4,1,".",3,3,3,3,".",".",".",".",".",".",0,0,0,3,2,0,3,1,2,1,1,1,1,0,1,1,1,0,0,0,0,0,0,1,1,0,0,1,0,0,1,1,0,2,".",2,1,2,1,2,".",".",24,21,14,15,14,14,16,16,14,19,17,22,9,31,20,21,20,19,16,25,"367"
"025",0,62,17,4,4,1,"23","39",23,4,4,1,"17","10",2,4,3,1,4,4,4,"02","00","00","001","008",1,4,1,"35","..","..","..","..","..",5,".",".",".",".",".",1,".",".",".",".",".",0,5,4,4,1,0,0,0,0,1,1,1,1,0,1,1,1,".",".",70,57,65,61,55,36,88,"68","70",62,59,57,"..","..",1,".",5,4,4,1,4,1,1,4,3,4,".",".",4,4,4,4,3,4,1,1,4,1,3,1,".",".",2,2,5,2,2,1,1,1,1,3,3,3,".",".",5,5,5,5,3,5,2,2,5,2,3,2,".",".",2,3,0,3,2,0,5,4,4,0,0,0,".",".",2,3,3,1,3,3,5,2,2,3,6,4,".",".",1,2,1,1,2,1,1,1,1,1,1,1,".",".",2,3,2,3,4,3,4,2,2,3,3,3,".",".",0,0,0,12,5,1,3,7,2,2,1,1,0,0,1,1,0,0,0,1,1,1,1,0,1,0,0,1,0,1,1,1,1,1,".",2,1,2,1,2,3,3,27,20,18,19,28,18,18,22,16,23,24,26,10,31,19,21,21,22,25,22,"430"
"026",1,61,15,4,4,1,"23","38",23,3,4,1,"15","08",1,4,3,1,4,2,4,"00","00","00","000","000",1,4,1,"35","..","..","..","..","..",5,".",".",".",".",".",1,".",".",".",".",".",0,5,4,5,2,1,1,1,1,1,0,1,1,0,1,0,0,".",".",57,55,62,60,57,36,88,"68","70",58,60,65,"..","..",2,4,4,4,4,1,4,1,1,4,4,5,".",".",2,2,1,1,1,4,1,1,4,3,4,4,".",".",2,2,5,2,5,1,1,1,1,3,3,3,".",".",3,3,2,3,2,5,5,2,2,5,4,5,".",".",3,2,0,2,0,0,5,4,4,0,0,0,".",".",4,4,4,4,4,6,5,3,4,4,0,3,".",".",1,1,1,1,1,1,1,1,1,1,1,1,".",".",3,4,3,3,3,3,4,2,2,3,3,2,".",".",0,2,0,11,2,0,3,7,2,2,1,1,0,0,1,1,0,0,0,1,1,1,1,1,1,0,0,1,0,1,1,1,1,1,".",2,1,2,1,2,3,3,18,17,14,14,23,16,14,17,10,15,8,14,9,19,9,15,4,8,17,13,"274"
"027",0,35,17,2,1,1,"20","..",35,3,3,1,"17","04",2,4,3,1,3,3,0,"07","03","00","003","013",2,,".","..","..","..","..","..","..",".",".",".",".",".",".",".",".",".",".",".",".",4,3,0,2,3,0,0,1,0,0,0,0,1,1,1,1,1,".",".",62,45,26,45,36,36,41,"42","48",74,87,83,"..","..",4,2,1,4,4,4,1,1,1,1,1,5,".",".",1,2,2,3,4,4,1,1,3,1,1,1,".",".",4,4,4,4,2,2,2,5,5,5,3,3,".",".",1,3,5,4,5,5,5,3,5,0,1,1,".",".",4,4,4,5,2,3,3,1,1,1,2,1,".",".",4,4,5,4,3,2,3,6,3,3,1,1,".",".",2,1,2,2,1,1,1,2,2,1,2,2,".",".",1,1,1,1,2,1,4,3,3,3,4,4,".",".",1,0,0,4,1,0,3,8,2,1,1,1,1,1,1,0,0,0,1,0,1,1,0,1,1,0,0,1,0,0,1,1,1,3,5,2,1,1,1,2,".",".",35,24,14,19,20,16,18,16,4,22,21,21,11,29,19,27,22,19,19,15,"391"
"028",0,21,1,4,1,1,"28","..",21,1,1,1,"06","06",2,0,2,2,4,3,0,"00","00","00","000","000",1,1,0,"..","..","..","..","..","..",".",".",".",".",".",".",".",".",".",".",".",".",4,3,3,0,0,0,0,0,0,0,0,0,1,1,".",".",".",".",".",59,53,24,37,20,18,18,"20","58","..","..","..","..","..",3,1,2,2,4,4,1,1,3,".",".",".",".",".",1,1,1,1,1,1,1,1,1,".",".",".",".",".",1,4,4,4,2,2,2,1,1,".",".",".",".",".",1,1,2,2,2,1,2,2,1,".",".",".",".",".",2,5,5,5,5,5,3,2,2,".",".",".",".",".",6,5,5,5,0,0,3,6,6,".",".",".",".",".",1,1,1,2,1,2,1,1,1,".",".",".",".",".",1,1,4,1,4,4,3,1,3,".",".",".",".",".",1,0,2,0,6,0,2,6,1,1,1,1,1,1,1,0,0,0,1,0,1,0,0,1,1,0,0,1,0,0,1,1,1,3,1,1,".",".",".",".",".",".",27,20,12,13,25,13,18,20,11,21,17,18,10,21,16,22,9,16,19,17,"345"
"029",1,20,10,4,1,1,"04","..",20,2,1,1,"04","04",2,0,0,1,0,0,0,"00","00","00","000","000",1,1,".","..","..","..","..","..","..",".",".",".",".",".",".",".",".",".",".",".",".",3,3,3,1,0,1,1,1,1,1,0,1,1,1,1,".",".",".",".",27,"..","..",21,19,20,26,"28","04",47,"..","..","..","..",1,".",".",1,1,4,1,1,1,1,".",".",".",".",".",".",".",1,2,1,3,2,".",1,".",".",".",".",4,4,4,2,2,2,1,1,1,3,".",".",".",".",".",".",".",2,1,2,4,2,0,1,".",".",".",".",".",".",".",3,3,5,2,4,4,3,".",".",".",".",".",".",".",5,5,1,6,3,3,5,".",".",".",".",".",".",".",1,1,2,1,1,1,1,".",".",".",".",".",".",".",4,4,4,4,1,4,1,".",".",".",".",0,0,0,0,8,0,2,8,1,0,1,1,1,1,1,0,0,0,0,0,1,0,0,1,0,0,0,1,0,0,0,1,1,1,".",2,1,2,2,2,".",".",21,17,11,12,24,13,15,16,5,13,15,10,8,20,16,18,11,13,21,18,"297"
"030",0,40,12,3,1,1,"19","..",40,1,1,1,"12","06",1,4,3,0,3,4,0,"07","00","04","000","101",1,5,0,"..","..","..","..","..","..",".",".",".",".",".",".",".",".",".",".",".",".",3,3,2,0,0,0,0,1,0,1,1,1,1,".",".",".",".",".",".",27,52,30,40,30,36,29,"63","..","..","..","..","..","..",3,1,3,1,1,4,1,1,".",".",".",".",".",".",1,1,1,2,2,4,3,1,".",".",".",".",".",".",4,4,4,2,2,2,1,1,".",".",".",".",".",".",3,2,3,3,5,5,4,1,".",".",".",".",".",".",5,4,5,4,4,4,3,3,".",".",".",".",".",".",3,5,4,3,3,1,4,4,".",".",".",".",".",".",2,2,2,1,1,2,1,1,".",".",".",".",".",".",4,1,4,2,2,2,2,2,".",".",".",".",".",".",0,0,0,2,3,0,3,1,3,2,0,0,1,0,1,1,0,0,0,0,0,0,0,1,1,0,0,1,0,0,1,1,0,3,1,1,".",".",".",".",2,3,25,21,17,11,23,14,7,15,11,4,4,19,15,14,17,14,10,19,18,25,"303"
"031",0,25,16,3,1,1,"30","..",25,2,2,1,"04","04",2,2,0,3,4,3,3,"05","05","00","160","180",2,,".","..","..","..","..","..","..",".",".",".",".",".",".",".",".",".",".",".",".",2,3,3,0,1,1,1,0,1,1,1,0,1,1,".",".",".",".",".",19,32,19,25,25,25,69,"68","39","..","..","..","..","..",4,4,4,1,1,1,2,1,1,".",".",".",".",".",2,2,2,3,2,3,2,1,2,".",".",".",".",".",5,4,4,2,2,2,1,1,1,".",".",".",".",".",3,2,3,5,5,5,1,1,3,".",".",".",".",".",5,5,5,3,4,4,4,4,4,".",".",".",".",".",5,5,5,4,4,2,4,4,4,".",".",".",".",".",2,1,2,1,1,1,1,1,1,".",".",".",".",".",1,1,4,3,3,1,2,2,3,".",".",".",".",".",0,0,0,5,4,0,3,8,2,1,1,0,1,0,1,0,0,0,1,0,0,1,0,1,1,0,0,1,1,1,1,1,1,2,".",1,".",".",".",".",".",".",33,23,17,19,31,19,21,27,13,26,20,23,9,30,14,28,25,24,22,24,"448"
"032",1,27,12,4,1,1,"05","..",27,2,2,1,"08","04",2,1,0,3,4,4,4,"00","00","00","000","000",1,1,".","..","..","..","..","..","..",".",".",".",".",".",".",".",".",".",".",".",".",3,4,3,1,0,1,1,1,1,1,1,1,0,1,1,1,".",".",".",24,23,31,26,26,27,26,"61","60",31,40,".","..","..",2,2,1,1,1,1,1,1,2,1,1,".",".",".",2,2,2,2,3,2,2,2,1,2,2,".",".",".",4,4,4,2,2,2,2,1,1,1,3,".",".",".",3,3,3,5,4,3,3,2,1,4,3,".",".",".",5,4,5,3,3,3,4,3,3,5,0,".",".",".",5,5,5,3,3,3,3,5,5,3,3,".",".",".",2,2,1,1,1,1,1,1,1,1,2,".",".",".",1,1,1,2,4,2,4,2,2,2,2,".",".",".",1,0,0,2,2,0,2,3,3,3,1,1,0,1,1,1,0,0,1,0,0,0,0,1,1,0,0,1,0,0,1,1,1,3,3,1,".",".",".",".",1,3,25,20,14,16,24,11,18,18,6,13,18,14,8,20,16,18,9,14,22,21,"325"
"033",0,26,12,4,1,1,"05","..",26,3,3,1,"15","12",2,3,3,4,4,4,0,"14","02","20","160","196",1,1,".","..","..","..","..","..","..",".",".",".",".",".",".",".",".",".",".",".",".",3,0,4,1,0,0,0,0,0,1,0,0,1,".",".",".",".",".",".",30,30,36,53,50,19,23,"40","..","..","..","..","..","..",1,1,2,3,3,1,1,1,".",".",".",".",".",".",2,3,3,3,1,".",".",2,".",".",".",".",".",".",4,4,4,1,1,1,1,3,".",".",".",".",".",".",5,4,5,4,4,2,4,3,".",".",".",".",".",".",4,2,4,2,2,2,2,0,".",".",".",".",".",".",5,5,5,5,5,5,5,3,".",".",".",".",".",".",2,2,2,1,1,1,2,2,".",".",".",".",".",".",1,3,1,2,2,4,3,2,".",".",".",".",".",".",0,0,0,0,2,0,2,8,2,2,1,1,0,0,0,0,0,0,0,0,1,0,0,1,0,0,0,1,0,0,1,1,1,2,".",1,".",".",".",".",1,3,32,18,7,11,22,18,16,19,6,15,20,15,12,27,25,25,24,35,15,27,"389"
"034",0,50,12,4,3,1,"34","04",45,3,1,1,"12","08",1,0,4,4,4,4,3,"05","00","00","000","005",1,4,2,"21","15","..","..","..","..",2,1,".",".",".",".",1,1,".",".",".",".",3,1,3,3,0,1,0,0,0,0,0,0,0,0,0,".",".",".",".",37,25,31,51,27,46,51,"16","15",35,"..","..","..","..",1,2,1,1,1,3,1,1,1,1,".",".",".",".",3,3,1,3,1,1,4,1,1,1,".",".",".",".",3,4,4,4,2,1,1,1,3,3,".",".",".",".",1,3,3,3,4,3,3,4,2,2,".",".",".",".",1,3,4,3,4,4,4,4,1,1,".",".",".",".",6,5,5,5,3,4,3,3,6,6,".",".",".",".",2,2,2,2,2,1,1,1,2,2,".",".",".",".",3,1,4,1,3,3,3,3,4,4,".",".",".",".",0,0,0,0,4,0,2,6,2,2,1,1,1,1,1,1,1,0,1,0,0,0,1,1,1,0,0,1,0,0,1,1,1,2,".",1,".",".",".",".",3,3,33,21,17,13,23,16,20,21,13,22,24,21,15,27,26,21,14,18,18,23,"406"
"035",1,21,8,4,1,1,"34","..",21,".",3,3,"12","15",1,0,0,0,3,3,0,"00","24","00","000","024",2,,".","..","..","..","..","..","..",".",".",".",".",".",".",".",".",".",".",".",".",0,2,2,3,0,1,1,0,1,0,0,0,".",".",".",".",".",".",".",18,19,27,70,16,15,15,"..","..","..","..","..","..","..",1,1,1,3,1,1,1,".",".",".",".",".",".",".",".",".",2,1,".",".",".",".",".",".",".",".",".",".",2,2,1,1,3,3,3,".",".",".",".",".",".",".",2,2,3,1,2,2,2,".",".",".",".",".",".",".",3,4,4,4,1,1,1,".",".",".",".",".",".",".",5,5,3,3,6,6,6,".",".",".",".",".",".",".",1,1,1,1,2,2,2,".",".",".",".",".",".",".",4,3,3,1,1,4,4,".",".",".",".",".",".",".",0,0,2,0,1,0,2,1,2,1,1,0,0,1,1,0,0,0,0,0,0,0,0,1,1,0,0,1,1,0,1,1,1,".",".",1,".",".",".",".",".",".",21,14,11,7,18,9,13,15,6,13,20,17,5,18,12,15,5,9,13,12,"253"
"036",1,27,17,4,1,1,"16","..",27,".",3,3,"17","15",2,3,0,4,3,4,0,"04","01","00","000","005",1,4,".","..","..","..","..","..","..",".",".",".",".",".",".",".",".",".",".",".",".",0,2,2,0,1,1,1,1,1,0,".",".",".",".",".",".",".",".",".",29,27,45,54,62,"..","..","..","..","..","..","..","..","..",1,2,2,3,3,".",".",".",".",".",".",".",".",".",2,3,3,1,4,".",".",".",".",".",".",".",".",".",5,2,2,1,1,".",".",".",".",".",".",".",".",".",3,5,5,3,5,".",".",".",".",".",".",".",".",".",1,5,5,5,5,".",".",".",".",".",".",".",".",".",2,2,2,1,1,".",".",".",".",".",".",".",".",".",1,1,1,2,2,".",".",".",".",".",".",".",".",".",4,1,4,1,2,".",".",".",".",".",".",".",".",".",0,0,0,3,1,0,2,8,1,1,1,1,1,1,1,0,0,".",".",1,0,1,0,1,1,0,0,1,1,0,1,1,1,".",".",2,2,2,2,1,".",".",7,8,12,16,17,13,16,15,5,12,14,14,9,22,16,19,18,14,17,18,"282"
"037",0,24,2,3,1,1,"03","..",24,1,1,1,"06","06",1,0,2,0,4,3,2,"10","06","00","140","156",1,1,0,"..","..","..","..","..","..",".",".",".",".",".",".",".",".",".",".",".",".",3,3,3,1,0,0,0,0,0,0,0,0,0,1,1,".",".",".",".",30,18,20,25,25,28,26,"28","25",80,"..","..","..","..",1,1,1,1,1,1,1,1,1,1,".",".",".",".",1,1,1,1,1,1,1,1,1,1,".",".",".",".",4,4,4,2,2,2,1,1,1,3,".",".",".",".",2,2,2,2,2,3,2,3,3,0,".",".",".",".",4,4,4,4,3,3,4,4,3,4,".",".",".",".",5,5,5,4,3,3,4,5,4,5,".",".",".",".",2,1,2,1,2,2,1,1,2,2,".",".",".",".",1,1,1,3,1,4,3,3,3,4,".",".",".",".",1,0,0,1,3,0,2,2,1,1,1,0,1,1,1,0,0,0,0,0,0,0,0,1,0,0,0,1,0,0,1,0,1,1,".",2,1,0,1,2,2,3,17,10,15,15,13,11,12,9,11,18,13,12,14,11,6,15,9,21,20,17,"269"
"038",0,36,17,4,1,1,"23","..",36,4,3,1,"15","12",2,4,3,3,4,3,4,"02","00","00","000","003",1,4,2,"05","03","..","..","..","..",0,0,".",".",".",".",1,1,".",".",".",".",1,2,3,2,1,1,0,0,0,0,1,1,1,0,".",".",".",".",".",26,36,52,70,42,68,61,"58","59","..","..","..","..","..",4,1,2,1,1,1,4,3,3,".",".",".",".",".",2,2,4,3,4,1,1,2,3,".",".",".",".",".",4,2,2,1,1,1,5,3,3,".",".",".",".",".",3,5,5,4,5,2,4,3,5,".",".",".",".",".",5,5,5,4,4,4,0,0,0,".",".",".",".",".",5,1,1,4,3,4,6,4,4,".",".",".",".",".",1,1,1,1,1,1,1,2,2,".",".",".",".",".",1,2,1,3,4,3,3,3,3,".",".",".",".",".",1,0,6,3,4,2,3,3,2,1,1,0,1,1,1,0,0,0,0,1,0,0,0,0,1,0,0,1,0,1,1,1,1,4,".",2,1,1,1,1,2,3,32,24,18,14,26,15,17,24,13,27,23,24,13,24,15,29,25,23,14,22,"422"
"039",1,70,8,4,1,1,"25","..",70,1,2,1,"08","08",2,2,4,4,4,3,4,"00","00","00","000","000",1,1,2,"42","36","..","..","..","..",5,5,".",".",".",".",1,1,".",".",".",".",0,6,4,4,0,1,1,1,1,1,1,1,1,1,1,1,1,1,".",71,70,70,60,67,68,66,"76","35",72,60,72,61,"..",1,1,4,1,2,1,1,1,4,1,1,3,4,".",3,3,1,2,2,1,2,1,4,3,1,1,3,".",2,2,2,2,2,2,1,1,1,3,3,3,1,".",4,4,3,2,2,2,2,2,5,3,5,2,4,".",3,3,0,3,5,4,4,4,4,0,0,0,4,".",4,4,4,2,3,2,4,4,5,1,1,1,4,".",1,1,1,1,1,1,1,1,1,1,1,1,1,".",1,1,2,2,2,1,3,4,3,2,2,2,3,".",0,2,10,4,9,0,3,6,2,1,1,0,1,1,1,1,0,0,0,1,0,1,0,0,1,0,0,1,1,1,1,1,0,".",".",2,1,1,1,1,2,2,16,20,14,14,19,6,12,16,7,19,10,10,8,14,10,15,6,9,15,13,"253"
"040",0,70,15,4,1,1,"25","..",70,3,2,1,"12","16",2,3,3,4,4,4,4,"00","00","00","000","000",1,1,2,"42","36","..","..","..","..",5,5,".",".",".",".",1,1,".",".",".",".",0,3,3,2,1,0,0,0,0,0,0,1,0,0,".",".",".",".",".",70,62,69,70,68,63,75,"74","66","..","..","..","..","..",1,1,1,1,1,4,1,1,1,".",".",".",".",".",3,2,4,2,3,4,4,2,3,".",".",".",".",".",5,2,2,2,1,1,1,3,3,".",".",".",".",".",5,3,5,2,4,5,4,3,4,".",".",".",".",".",0,2,5,5,4,4,3,0,0,".",".",".",".",".",4,2,1,3,1,1,1,3,1,".",".",".",".",".",1,1,1,1,1,1,1,1,1,".",".",".",".",".",3,3,2,2,3,3,4,3,2,".",".",".",".",".",1,0,0,0,5,1,3,6,2,1,1,1,0,0,1,0,1,0,0,1,0,1,0,0,1,0,0,1,1,1,1,1,0,1,".",2,1,1,1,1,2,2,18,13,13,13,16,16,13,12,9,17,18,14,13,24,13,19,11,6,10,15,"283"
"041",1,70,12,4,4,1,"25","31",39,1,4,1,"17","08",2,3,3,4,4,4,4,"00","00","00","000","000",1,1,6,"43","41","40","38","34","32",5,5,4,5,5,5,1,2,1,1,1,1,0,4,3,2,2,0,1,0,0,1,1,1,0,1,".",".",".",".",".",70,70,70,64,80,83,"..","60","58","..","..","..","..","..",1,2,2,1,1,3,1,1,4,".",".",".",".",".",4,1,2,1,1,1,1,4,1,".",".",".",".",".",5,5,2,2,1,1,1,3,3,".",".",".",".",".",4,1,1,1,1,1,2,5,3,".",".",".",".",".",0,0,5,5,3,3,5,0,0,".",".",".",".",".",5,5,3,4,4,3,3,2,2,".",".",".",".",".",1,1,1,1,1,1,1,1,1,".",".",".",".",".",2,2,2,2,1,4,2,3,3,".",".",".",".",".",0,0,0,5,3,0,3,6,3,3,1,1,1,1,1,1,0,".",".",1,1,1,0,1,1,0,0,1,0,0,1,1,0,".",".",2,1,2,1,2,2,3,24,20,17,21,28,21,18,16,11,18,11,10,11,17,13,15,12,15,19,17,"334"
"042",0,70,17,4,1,1,"25","..",70,4,2,1,"04","04",2,2,3,4,4,4,4,"00","00","00","000","000",1,4,6,"43","41","40","38","34","32",5,5,4,5,5,5,1,2,1,1,1,1,3,3,3,2,1,0,0,0,1,0,1,1,1,1,0,1,".",".",".",70,50,69,70,70,64,80,"83","62",60,58,".","..","..",1,1,1,2,2,2,1,3,1,1,4,".",".",".",4,2,2,1,2,1,1,1,1,4,1,".",".",".",5,4,4,2,2,2,1,1,1,3,3,".",".",".",4,5,5,1,1,1,1,1,2,5,3,".",".",".",0,5,4,0,5,5,3,3,5,0,0,".",".",".",5,0,1,5,4,4,4,3,2,2,2,".",".",".",1,2,1,1,1,1,1,1,1,1,1,".",".",".",2,4,2,2,2,2,4,4,2,3,3,".",".",".",0,0,0,5,3,0,3,8,3,3,1,1,1,1,1,1,0,0,0,1,1,1,0,1,1,0,0,1,0,0,1,1,0,1,".",2,1,2,1,2,2,3,19,13,14,16,21,8,10,10,12,17,15,12,10,19,18,15,15,13,13,16,"286"
"043",1,54,17,".",2,1,"16","22",31,3,2,1,"04","04",2,3,4,1,4,3,1,"00","03","00","000","003",1,2,3,"30","29","23","..","..","..",5,4,5,".",".",".",1,1,1,".",".",".",3,4,3,3,0,1,1,1,1,0,1,1,1,1,1,1,1,1,".",50,54,52,58,57,54,60,"80","70",80,60,52,56,"..",1,3,1,3,2,1,2,2,2,2,1,1,3,".",3,3,3,4,3,1,3,1,1,1,1,3,1,".",4,4,4,2,2,2,2,1,1,1,3,3,3,".",5,5,5,5,5,5,3,1,1,1,3,4,2,".",4,3,4,3,3,3,4,5,5,5,0,0,0,".",5,5,4,2,2,2,2,1,1,2,3,2,2,".",2,2,2,1,1,1,1,2,2,2,2,2,2,".",1,1,1,3,4,3,4,4,3,4,3,3,1,".",0,0,0,6,0,0,3,1,1,1,1,0,0,0,1,1,0,0,1,1,0,1,0,1,1,0,0,1,0,1,1,1,0,1,".",2,2,2,1,1,2,2,32,22,16,20,30,22,23,29,11,22,30,28,16,30,22,21,21,14,18,30,"457"
"045",0,69,17,4,1,1,"16","..",69,4,4,1,"17","16",".",4,4,1,4,4,4,"01","00","00","000","001",1,4,2,"38","37","..","..","..","..",3,5,".",".",".",".",2,1,".",".",".",".",4,4,3,2,1,0,0,0,0,0,1,0,1,0,0,1,1,1,1,71,71,73,51,73,67,71,"67","73",71,67,65,66,67,1,3,4,1,1,4,1,1,1,1,1,1,4,1,".",".",".",3,".",".",".",1,".",".",".",1,".",1,4,4,4,4,2,2,2,3,1,1,1,1,3,3,5,5,5,5,5,5,3,3,5,5,3,3,4,5,3,3,3,3,5,5,3,3,5,0,1,5,0,5,3,3,3,3,1,1,1,1,1,6,1,1,6,1,1,1,1,1,1,1,1,1,1,1,1,1,1,1,3,3,3,3,2,2,2,2,2,2,1,2,2,2,4,4,0,0,2,0,3,7,2,1,1,1,0,0,1,0,0,0,1,1,1,0,1,1,1,1,0,1,0,0,1,1,1,1,".",1,".",".",".",".",2,2,24,15,16,13,24,15,18,16,6,20,24,17,10,21,13,20,17,9,18,12,"328"
"046",1,60,12,4,4,1,"23","19",41,1,4,1,"15","12",2,3,4,1,4,4,4,"00","00","00","000","000",1,1,2,"38","37","..","..","..","..",3,5,".",".",".",".",1,2,".",".",".",".",0,4,4,4,4,1,1,0,0,1,1,0,0,1,0,1,0,".",".",55,63,60,74,67,64,65,"31","65",71,67,73,"..","..",1,4,4,1,4,4,4,4,4,1,1,1,".",".",2,1,4,4,1,1,4,4,3,4,4,4,".",".",2,2,2,2,1,1,1,1,5,5,5,5,".",".",3,2,5,5,3,3,5,5,4,5,5,5,".",".",3,2,2,5,3,5,5,5,0,0,0,0,".",".",4,4,3,1,4,1,1,1,6,6,2,2,".",".",1,1,1,1,1,1,1,1,1,1,1,1,".",".",3,3,2,2,4,4,2,4,3,3,3,3,".",".",0,0,0,2,0,4,3,8,2,2,1,1,0,0,1,0,0,".",".",1,1,1,1,1,1,0,0,1,0,0,1,1,0,".",".",1,".",".",".",".",2,2,24,18,16,18,27,17,13,16,10,17,15,16,10,18,10,17,13,4,17,14,"310"
"047",0,20,8,1,1,1,"36","..",20,".",2,1,"..","04",1,1,4,1,4,4,1,"07","07","00","000","014",2,".",".","..","..","..","..","..","..",".",".",".",".",".",".",".",".",".",".",".",".",1,3,0,0,3,0,0,1,1,1,0,0,".",".",".",".",".",".",".",22,20,20,21,17,22,22,"..","..","..","..","..","..","..",1,1,1,1,1,1,1,".",".",".",".",".",".",".",".",1,".",".",".",".",1,".",".",".",".",".",".",".",4,2,5,5,2,5,2,".",".",".",".",".",".",".",2,2,2,2,2,2,3,".",".",".",".",".",".",".",3,3,3,3,3,1,5,".",".",".",".",".",".",".",5,5,5,5,5,2,4,".",".",".",".",".",".",".",2,1,1,2,1,2,2,".",".",".",".",".",".",".",4,3,4,4,4,4,4,".",".",".",".",".",".",".",0,0,1,1,0,1,2,2,2,3,0,1,0,1,0,0,1,0,1,0,0,0,0,1,1,0,0,1,1,1,1,1,1,".",".",".",1,2,1,2,2,2,13,20,15,8,25,11,8,16,3,26,19,12,7,31,14,21,14,18,14,16,"311"
"048",0,21,4,0,1,1,"36","..",21,".",".",".","..","04",".",1,0,0,1,3,0,"05","50","00","020","075",2,".",".","..","..","..","..","..","..",".",".",".",".",".",".",".",".",".",".",".",".",3,0,1,0,0,1,0,1,1,1,".",".",".",".",".",".",".",".",".",26,"..",21,45,"..","..","..","..","..","..","..","..","..","..",".",".",".",".",".",".",".",".",".",".",".",".",".",".",1,".",".",".",".",".",".",".",".",".",".",".",".",".",4,4,4,1,".",".",".",".",".",".",".",".",".",".",1,1,1,2,".",".",".",".",".",".",".",".",".",".",4,3,4,5,".",".",".",".",".",".",".",".",".",".",6,6,6,1,".",".",".",".",".",".",".",".",".",".",2,2,2,2,".",".",".",".",".",".",".",".",".",".",4,4,4,3,".",".",".",".",".",".",".",".",".",".",0,0,0,1,0,0,1,5,1,1,1,0,0,0,0,0,1,0,0,0,0,0,0,0,1,0,0,1,1,1,1,0,0,".",".",1,1,2,2,2,3,2,14,11,6,13,8,6,9,7,4,11,6,8,5,14,10,10,9,11,14,3,"179"
"049",1,20,8,1,1,1,"35","..",20,1,1,1,"02","02",1,1,2,0,3,3,0,"00","28","00","028","056",2,".",".","..","..","..","..","..","..",".",".",".",".",".",".",".",".",".",".",".",".",2,4,4,2,0,1,1,0,1,1,0,1,1,1,1,".",".",".",".",21,46,23,20,20,23,14,"51","53",48,"..","..","..","..",3,1,4,1,1,3,1,1,1,1,1,2,".",".",1,1,1,1,1,1,1,1,1,1,1,1,".",".",4,4,2,2,2,2,1,1,1,1,".",".",".",".",2,2,3,3,3,5,2,".",1,2,".",".",".",".",5,4,5,2,3,5,0,1,".",1,".",".",".",".",4,5,7,4,4,0,6,6,5,4,".",".",".",".",2,2,1,1,1,1,1,1,1,1,".",".",".",".",1,1,5,3,4,1,4,1,4,3,".",".",".",".",0,1,5,5,4,0,3,6,2,2,1,0,1,1,1,0,1,0,0,0,1,1,0,1,1,0,0,1,1,1,1,1,0,".",".",1,".",".",".",".",2,2,17,25,21,17,24,13,18,25,12,18,23,15,13,25,19,20,14,23,15,25,"382"
"050",1,34,10,2,1,1,"17","..",34,1,".",1,"..","08",1,2,1,1,2,3,2,"00","00","00","000","000",2,".",2,"10","05","..","..","..","..",1,0,".",".",".",".",1,1,".",".",".",".",3,5,3,2,0,1,1,1,1,1,1,1,0,1,1,".",".",".",".",36,31,39,38,33,32,33,"37","56",60,"..","..","..","..",".",".",".",".",".",".",".",".",".",".",".",".",".",".",1,1,1,1,2,3,3,1,1,1,2,2,".",".",4,4,4,4,2,2,2,2,1,1,".",".",".",".",2,2,2,2,5,5,5,2,2,2,".",".",".",".",3,5,3,4,4,4,4,3,4,4,".",".",".",".",3,2,3,2,2,2,2,2,2,2,".",".",".",".",1,1,1,1,1,1,1,1,1,1,".",".",".",".",1,3,1,1,3,3,3,3,3,3,".",".",".",".",1,0,0,4,2,0,2,6,2,2,1,1,0,1,1,1,0,0,1,1,0,0,0,1,1,".",".",1,0,0,0,1,0,3,1,2,1,1,1,1,2,2,14,8,13,11,14,12,12,17,5,13,11,12,9,17,14,16,9,9,15,14,"245"
"051",1,47,8,4,1,1,"18","..",47,2,2,1,"..","..",3,2,2,1,4,3,1,"20","05","00","000","025",1,2,3,"25","22","15","..","..","..",5,2,2,".",".",".",1,1,1,".",".",".",3,0,1,0,0,1,1,1,1,".",".",".",".",".",".",".",".",".",".",44,35,23,73,"..","..","..","..","..","..","..","..","..","..",1,1,5,1,".",".",".",".",".",".",".",".",".",".",".",".",".",1,".",".",".",".",".",".",".",".",".",".",4,4,4,1,".",".",".",".",".",".",".",".",".",".",2,2,2,0,".",".",".",".",".",".",".",".",".",".",5,5,5,2,".",".",".",".",".",".",".",".",".",".",6,6,6,3,".",".",".",".",".",".",".",".",".",".",2,2,2,1,".",".",".",".",".",".",".",".",".",".",1,1,1,2,".",".",".",".",".",".",".",".",".",".",0,0,0,0,1,0,0,2,0,0,0,0,0,0,0,0,0,0,0,0,1,0,0,1,0,0,0,".",0,0,1,1,1,2,".",1,1,2,2,2,2,2,15,18,14,9,18,10,15,14,9,15,14,13,7,15,14,14,10,6,14,11,"255"
"052",1,46,8,2,1,1,"03","..",46,2,4,1,"12","12",2,1,2,2,3,3,1,"01","00","00","000","000",1,2,2,"26","21","..","..","..","..",2,2,".",".",".",".",1,1,".",".",".",".",3,3,3,3,0,1,1,1,1,1,1,1,1,0,".",".",".",".",".",36,47,42,42,52,49,72,"46","75","..","..","..","..","..",1,1,1,1,1,1,1,1,2,".",".",".",".",".",".",".",".",".",1,1,1,".",".",".",".",".",".",".",4,4,4,2,2,2,1,1,1,3,3,3,".",".",2,2,2,2,1,1,3,3,1,".",".",".",".",".",4,4,4,2,2,2,3,4,4,".",".",".",".",".",6,6,6,6,4,3,3,0,3,".",".",".",".",".",2,2,2,1,1,1,2,2,2,".",".",".",".",".",1,2,2,1,2,2,1,1,2,".",".",".",".",".",0,0,0,3,0,0,3,7,".",3,1,1,1,0,1,1,0,0,1,1,0,1,0,1,0,0,0,1,1,1,1,1,1,3,3,2,2,2,1,2,3,2,21,19,19,21,27,20,20,20,8,23,20,22,10,24,17,16,14,12,21,16,"370"
"053",1,42,8,3,4,1,"32","23",19,1,3,1,"08","04",2,2,3,1,3,3,2,"..","..","..","…","…",1,4,2,"17","09","..","..","..","..",2,0,".",".",".",".",1,1,".",".",".",".",3,3,3,3,2,1,1,1,0,1,1,1,1,1,1,".",".",".",".",23,39,17,46,38,50,68,"45","48",46,"..","..","..","..",2,2,1,4,1,4,4,4,1,1,".",".",".",".",2,1,1,2,4,3,1,2,1,2,".",".",".",".",4,4,4,2,2,5,1,1,3,3,".",".",".",".",2,2,2,5,5,2,1,4,2,3,".",".",".",".",4,3,4,0,5,2,5,3,0,2,".",".",".",".",4,5,5,6,4,1,1,2,0,0,".",".",".",".",2,2,2,1,1,2,1,1,2,2,".",".",".",".",1,1,1,".",1,1,1,2,2,2,".",".",".",".",0,1,0,3,3,0,2,4,1,2,1,1,1,1,1,1,1,0,0,0,0,0,0,1,0,0,0,1,0,0,1,1,0,".",".",1,1,2,2,2,3,3,14,17,14,11,20,12,14,16,6,16,15,14,12,20,8,16,15,18,20,20,"298"
"055",1,51,8,2,4,1,"04","32",19,1,2,1,"01","01",1,2,3,1,4,1,4,"00","00","00","000","000",1,3,2,"31","30","..","..","..","..",2,2,".",".",".",".",1,1,".",".",".",".",4,4,4,4,4,1,1,1,0,1,1,1,1,1,0,1,1,".",".",17,19,28,17,55,55,38,"86","66",67,"..","..","..","..",".",".",".",".",".",".",".",5,4,".",".",3,".",".",".",".",".",".",1,2,1,1,1,2,".",1,".",".",4,4,4,4,2,2,2,2,5,5,5,5,".",".",2,2,2,2,1,2,1,1,1,1,".",0,".",".",4,4,3,4,2,2,3,3,5,5,".",5,".",".",6,6,6,6,4,4,3,3,0,0,".",0,".",".",2,2,2,2,1,1,2,1,1,1,".",1,".",".",4,4,1,1,3,4,4,4,2,2,".",1,".",".",0,0,0,0,2,2,3,8,1,1,1,1,1,0,1,0,1,0,1,0,0,1,1,1,1,0,0,1,0,0,1,1,0,3,1,1,1,2,1,2,2,2,24,21,14,17,23,16,17,18,9,15,12,18,11,26,17,21,18,15,19,21,"352"
"056",0,42,8,3,2,1,"..","3",39,1,1,1,"00","00",2,1,1,1,4,1,".","..","..","..","..","..",1,5,5,"..","..","..","23","..","..",".",".",".",2,".",".",".",".",".",1,".",".",0,5,5,3,0,1,1,1,0,0,0,1,1,0,1,0,0,".",".",29,42,43,45,39,72,69,"39","32","..",36,"..","..","..",2,2,2,1,2,2,2,2,2,".",1,".",".",".",1,1,1,1,1,1,1,1,1,".",1,".",".",".",2,2,2,2,2,1,1,1,1,1,2,3,".",".",2,2,4,2,2,0,0,1,2,0,2,".",".",".",0,2,3,3,2,5,5,3,3,3,0,0,".",".",6,3,3,3,3,3,3,6,3,6,6,5,".",".",1,1,1,1,1,1,1,1,1,1,1,2,".",".",2,2,2,2,2,2,2,2,2,".",2,3,".",".",".",".",".",".",".",".",3,6,2,2,1,0,1,1,1,1,0,9,9,1,0,0,1,0,0,0,1,1,0,0,1,0,0,".",1,".",".",".",".",".",2,2,11,15,9,11,16,9,10,11,6,10,10,9,6,12,11,12,9,8,12,7,"204"
"058",1,50,4,".",1,1,"27","..",50,1,1,1,"00","00",2,1,2,2,4,4,3,"..","..","..","…","…",1,2,2,"19","17","..","..","..","..",2,2,".",".",".",".",1,1,".",".",".",".",0,3,3,3,0,1,1,1,1,1,0,0,1,1,".",".",".",".",".",46,60,"..","..",47,62,33,"48","48","..","..","..","..","..",1,1,".",".",1,1,1,1,1,".",".",".",".",".",1,1,".",".",1,1,2,1,".",".",".",".",".",".",2,1,3,2,2,1,1,3,3,".",".",".",".",".",2,1,3,3,2,1,2,5,2,".",".",".",".",".",3,3,0,3,3,3,3,0,0,".",".",".",".",".",3,5,4,3,6,4,2,2,1,".",".",".",".",".",1,1,1,1,1,1,1,1,2,".",".",".",".",".",2,2,2,2,2,2,2,2,2,".",".",".",".",".",".",".",".",".",".",".",3,1,1,1,1,0,0,0,0,1,0,0,0,1,0,0,0,1,0,0,0,1,0,1,1,1,0,3,1,1,1,2,1,2,3,2,14,10,9,11,12,12,7,13,5,14,9,9,6,14,13,16,4,7,13,9,"207"
"059",0,41,8,4,1,1,"39","..",41,1,1,1,"..","..",2,1,2,2,3,4,2,"..","..","..","…","…",1,".",2,"18","16","..","..","..","..",2,1,".",".",".",".",1,1,".",".",".",".",1,5,2,2,0,0,0,1,1,0,1,1,1,1,1,".",".",".",".",52,48,47,50,50,41,42,"58","48",35,"..","..","..","..",5,4,4,1,1,1,1,1,3,1,".",".",".",".",4,2,1,1,2,4,1,1,1,1,".",".",".",".",1,2,2,2,2,2,1,1,2,2,".",".",".",".",5,3,2,3,2,5,2,3,2,2,".",".",".",".",0,4,4,3,3,3,4,4,1,1,".",".",".",".",6,3,3,4,2,1,4,2,6,4,".",".",".",".",1,1,1,1,1,1,1,1,1,2,".",".",".",".",2,2,2,2,2,2,3,2,1,3,".",".",".",".",1,1,".",".",2,3,2,2,2,1,1,0,0,1,1,1,0,0,1,1,0,1,0,0,1,0,0,1,0,0,1,0,0,3,1,2,1,1,1,2,2,2,25,16,11,14,16,14,10,14,4,17,12,10,8,22,12,18,7,7,17,14,"268"
"060",0,41,8,".",4,1,"11","15",25,2,2,1,"06","07",1,2,3,3,4,0,4,"00","00","00","000","000",1,1,2,"06","05","..","..","..","..",0,0,".",".",".",".",1,1,".",".",".",".",2,1,3,1,0,0,0,0,0,1,0,0,".",".",".",".",".",".",".",42,46,42,68,33,38,50,"..","..","..","..","..","..","..",".",5,5,".",".",".",".",".",".",".",".",".",".",".",2,2,2,2,2,1,".",".",".",".",".",".",".",".",4,4,2,1,1,1,3,".",".",".",".",".",".",".",2,0,2,1,0,0,0,".",".",".",".",".",".",".",5,3,5,5,1,4,0,".",".",".",".",".",".",".",6,6,6,0,1,1,".",".",".",".",".",".",".",".",1,2,1,1,1,1,2,".",".",".",".",".",".",".",2,1,1,2,2,2,1,".",".",".",".",".",".",".",0,0,0,0,1,0,1,2,1,1,1,1,0,1,1,".",".",".",".",".",".",".",".",".",".",".",".",".",".",".",".",".",".",".",".",".",".",".",".",".",".",".",14,18,19,16,19,20,18,16,19,13,20,18,14,18,16,13,15,7,20,16,"329"
"061",1,47,4,4,1,1,"40","..",47,1,1,1,"08","10",2,2,1,0,2,3,3,"..","..","..","…","…",1,1,2,"22","18","..","..","..","..",4,2,".",".",".",".",1,1,".",".",".",".",0,3,3,3,0,0,1,1,1,1,1,1,".",".",".",".",".",".",".",56,48,"..",40,"..",54,"..","..","..","..","..","..","..","..",1,1,".",1,".",1,".",".",".",".",".",".",".",".",1,1,".",1,1,1,".",".",".",".",".",".",".",".",2,2,2,1,1,1,3,".",".",".",".",".",".",".",2,2,1,5,2,2,1,".",".",".",".",".",".",".",0,0,3,3,4,3,0,".",".",".",".",".",".",".",5,6,5,4,3,2,3,".",".",".",".",".",".",".",1,1,1,1,1,1,1,".",".",".",".",".",".",".",2,2,2,2,4,1,2,".",".",".",".",".",".",".",".",".",".",".",".",".",2,1,2,1,1,1,1,0,1,0,1,0,0,1,0,1,1,1,1,0,0,1,0,0,1,1,1,".",".",1,".",".",".",".",2,2,12,10,7,15,13,4,12,12,5,12,7,8,7,17,10,8,6,3,11,21,"200"
"062",0,44,12,4,3,1,"19","06",38,2,2,1,"04","04",2,1,3,2,2,4,1,"02","00","00","000","002",1,".",1,"12","..","..","..","..","..",1,".",".",".",".",".",1,".",".",".",".",".",2,3,2,2,0,0,0,0,0,0,1,1,0,1,".",".",".",".",".",35,52,38,68,42,39,"..","43","40","..","..","..","..","..",1,1,4,1,5,5,".",1,1,".",".",".",".",".",2,2,1,4,1,1,".",2,1,".",".",".",".",".",2,2,1,2,".",".",3,2,1,".",".",".",".",".",3,4,1,5,".",2,".",5,5,".",".",".",".",".",3,5,3,2,5,0,0,4,3,".",".",".",".",".",6,1,1,2,1,3,3,1,1,".",".",".",".",".",1,1,1,1,1,1,1,1,1,".",".",".",".",".",3,3,3,1,3,3,3,3,3,".",".",".",".",".",2,2,3,4,2,4,2,2,0,0,0,0,1,0,1,0,0,0,1,1,0,0,0,1,1,0,0,1,0,0,1,1,0,4,2,2,1,1,1,2,3,3,30,27,19,17,33,19,20,23,16,24,31,21,14,30,29,21,28,22,20,23,"467"
"063",0,43,10,3,2,2,"..","11",32,1,1,1,"01","00",1,2,2,2,2,0,4,"01","00","00","000","001",1,1,3,"18","14","11","..","..","..",2,1,0,".",".",".",1,1,1,".",".",".",3,3,3,3,0,1,1,1,0,1,0,0,0,1,1,".",".",".",".",46,32,40,43,31,49,38,"34","54",32,"..","..","..","..",3,1,1,1,2,2,2,1,2,1,".",1,".",".",2,2,2,1,2,1,1,1,1,3,2,4,".",".",4,4,4,2,2,2,1,1,1,1,".",".",".",".",2,2,2,1,2,3,3,3,2,5,".",".",".",".",5,5,4,3,3,3,5,4,5,1,".",".",".",".",5,5,5,2,0,4,4,3,1,6,".",".",".",".",1,1,2,1,1,1,1,1,1,1,".",".",".",".",1,1,1,2,1,4,3,3,2,4,".",".",".",".",2,0,1,0,3,0,2,2,2,2,1,1,1,0,1,0,0,0,1,1,0,0,1,0,1,0,0,0,0,0,1,0,1,3,1,2,1,1,1,2,3,3,12,11,17,23,25,18,22,9,12,18,18,24,15,18,20,27,15,9,14,23,"350"
"064",1,21,4,".",1,1,"..","..",21,".",".",".","..","..",3,1,0,0,0,4,".","..","..","..","…","…",2,".",".","..","..","..","..","..","..",".",".",".",".",".",".",".",".",".",".",".",".",1,1,0,0,0,1,1,1,0,1,1,".",".",".",".",".",".",".",".",52,53,32,31,27,53,"..","..","..","..","..","..","..","..",".",".",".",".",".",".",".",".",".",".",".",".",".",".",1,1,1,1,1,1,".",".",".",".",".",".",".",".",3,".",".",".",".",".",".",".",".",".",".",".",".",".",2,0,3,3,2,2,".",".",".",".",".",".",".",".",0,1,2,2,3,0,".",".",".",".",".",".",".",".",6,6,6,6,4,6,".",".",".",".",".",".",".",".",1,1,1,1,1,1,".",".",".",".",".",".",".",".",2,2,2,2,2,2,".",".",".",".",".",".",".",".",".",".",".",".",".",".",2,1,3,3,0,1,0,1,0,0,1,0,0,1,0,0,0,1,0,1,1,1,0,0,0,1,0,3,1,2,1,1,1,2,2,2,2,6,7,4,9,6,6,7,5,5,6,4,5,13,6,7,3,5,12,4,"122"
"065",1,22,4,2,1,1,"38","..",22,1,1,1,"08","04",1,1,1,1,3,1,4,"06","02","00","006","014",1,1,0,"..","..","..","..","..","..",".",".",".",".",".",".",".",".",".",".",".",".",0,2,1,0,0,1,1,1,".",".",".",".",".",".",".",".",".",".",".",25,30,27,"..","..","..","..","..","..","..","..","..","..","..",".",".",".",".",".",".",".",".",".",".",".",".",".",".",1,1,1,".",".",".",".",".",".",".",".",".",".",".",2,1,1,".",".",".",".",".",".",".",".",".",".",".",2,3,2,".",".",".",".",".",".",".",".",".",".",".",3,5,3,".",".",".",".",".",".",".",".",".",".",".",6,5,2,".",".",".",".",".",".",".",".",".",".",".",1,1,2,".",".",".",".",".",".",".",".",".",".",".",1,3,2,".",".",".",".",".",".",".",".",".",".",".",0,0,0,0,2,1,3,1,3,3,1,1,1,1,0,0,0,0,0,0,1,0,1,1,1,0,0,1,0,0,1,1,1,2,".",1,1,2,1,2,2,2,2,15,17,10,12,8,11,16,8,12,14,12,12,12,21,12,13,14,11,12,"244"
"066",0,55,4,1,1,1,"36","..",55,2,".",".","00","00",1,1,2,1,4,".",4,"01","00","00","000","001",1,4,2,"26","22","..","..","..","..",5,4,".",".",".",".",1,1,".",".",".",".",2,3,3,2,0,0,0,0,0,0,0,".",".",".",".",".",".",".",".",50,41,"..",58,"..",58,"..","..","..","..","..","..","..","..",1,1,".",1,".",1,".",".",".",".",".",".",".",".",2,2,".",1,".",1,".",".",".",".",".",".",".",".",1,4,2,1,2,2,".",".",".",".",".",".",".",".",2,2,2,0,3,2,".",".",".",".",".",".",".",".",3,4,2,3,4,3,".",".",".",".",".",".",".",".",6,0,3,6,3,3,".",".",".",".",".",".",".",".",1,1,1,1,1,1,".",".",".",".",".",".",".",".",3,3,2,4,2,2,".",".",".",".",".",".",".",".",0,0,0,0,3,0,2,1,3,3,1,1,0,0,0,1,0,0,0,1,0,1,1,1,1,0,0,1,1,0,1,1,0,4,1,1,2,2,2,2,2,2,6,5,9,9,10,10,9,12,2,7,6,11,8,5,12,10,4,6,9,9,"159"
"067",0,54,13,4,2,2,"03","16",38,3,2,1,"06","04",2,4,4,2,4,3,1,"03","00","00","001","004",1,1,2,"26","20","..","..","..","..",5,3,".",".",".",".",1,1,".",".",".",".",3,4,4,4,0,0,0,0,0,0,0,1,1,0,0,".",".",".",".",54,56,54,54,60,48,44,"49","58",24,"..","..","..","..",4,4,3,2,2,1,1,1,1,1,1,3,".",".",3,3,3,3,2,3,2,2,3,1,2,1,".",".",4,4,4,2,1,1,1,1,2,3,".",".",".",".",4,4,4,4,3,3,5,3,4,3,".",".",".",".",5,5,5,5,5,4,5,4,1,2,".",".",".",".",6,6,5,1,2,3,6,6,4,3,".",".",".",".",1,1,1,1,1,1,1,1,1,1,".",".",".",".",3,4,1,2,2,2,3,3,4,2,".",".",".",".",3,2,4,2,4,4,3,6,2,1,1,1,0,0,1,0,0,0,1,1,0,0,1,1,1,0,0,0,0,0,1,0,1,3,3,1,".",".",".",".",1,3,29,19,16,15,25,10,22,21,12,21,9,15,16,19,14,23,29,21,15,23,"374"
"068",0,54,13,3,4,1,"24","16",38,3,2,1,"10","05",1,2,3,0,4,3,4,"01","00","01","000","002",1,1,1,"28","..","..","..","..","..",4,".",".",".",".",".",1,".",".",".",".",".",2,5,4,2,0,0,0,0,0,0,0,0,0,0,1,".",".",".",".",47,54,67,63,56,63,57,"48","30",24,"..","..","..","..",3,1,1,1,4,1,2,2,4,3,1,".",".",".",3,3,1,1,3,1,1,1,1,1,1,".",".",".",2,2,1,1,4,2,2,2,1,1,".",".",".",".",5,4,3,2,4,2,3,2,3,3,".",".",".",".",0,5,4,4,4,2,5,5,4,4,".",".",".",".",3,5,3,2,1,3,4,4,2,2,".",".",".",".",1,1,1,1,2,1,2,2,1,2,".",".",".",".",4,3,3,3,4,1,3,1,2,2,".",".",".",".",1,1,1,1,3,0,2,6,1,1,0,0,0,0,1,0,1,0,1,1,0,0,0,0,1,0,0,1,0,0,1,0,0,3,2,1,2,2,2,2,2,3,30,25,21,20,28,18,18,22,14,23,26,21,17,29,21,20,25,22,26,24,"450"
"069",0,35,4,2,1,1,"04","..",35,1,".",1,"00","00",2,0,3,1,3,2,1,"..","..","..","…","…",2,".",0,"..","..","..","..","..","..",".",".",".",".",".",".",".",".",".",".",".",".",3,2,1,2,1,0,0,0,1,1,1,0,".",".",".",".",".",".",".",37,40,49,30,45,48,23,"..","..","..","..","..","..","..",1,1,1,1,1,4,1,".",".",".",".",".",".",".",1,1,1,2,1,2,".",".",".",".",".",".",".",".",5,4,4,2,1,3,3,".",".",".",".",".",".",".",1,2,1,3,0,2,5,".",".",".",".",".",".",".",3,4,4,3,1,0,0,".",".",".",".",".",".",".",6,6,6,6,5,6,6,".",".",".",".",".",".",".",1,2,2,1,1,1,1,".",".",".",".",".",".",".",3,1,1,3,3,4,3,".",".",".",".",".",".",".",0,0,0,2,0,0,2,2,2,2,1,1,0,0,1,1,0,0,1,1,0,0,0,1,1,0,0,1,0,0,1,1,0,2,4,1,1,1,1,2,".",".",23,7,10,8,21,10,14,14,9,22,9,10,12,29,14,27,11,11,14,16,"291"
"070",1,65,4,1,1,1,"28","..",65,1,1,1,"00","00",2,2,3,0,1,1,0,"00","00","00","000","000",2,4,3,"..","..","..","..","..","..",4,2,2,".",".",".",2,1,1,".",".",".",0,3,1,1,0,1,1,1,1,1,".",".",".",".",".",".",".",".",".",62,77,73,68,43,"..","..","..","..","..","..","..","..","..",5,3,4,1,2,".",".",".",".",".",".",".",".",".",1,1,1,1,1,".",".",".",".",".",".",".",".",".",2,2,2,1,3,".",".",".",".",".",".",".",".",".",1,0,0,0,2,".",".",".",".",".",".",".",".",".",3,2,2,3,0,".",".",".",".",".",".",".",".",".",5,5,5,2,6,".",".",".",".",".",".",".",".",".",1,1,1,1,1,".",".",".",".",".",".",".",".",".",4,3,1,1,3,".",".",".",".",".",".",".",".",".",0,0,2,0,3,0,2,2,0,0,0,0,0,0,0,0,0,0,0,0,0,0,0,1,0,0,0,1,0,0,0,1,".",".",".",2,1,2,2,2,".",".",25,16,11,26,28,19,24,26,11,32,20,12,7,27,28,30,18,8,17,25,"410"
"071",0,58,12,3,1,1,"26","..",58,2,3,1,"17","04",2,0,3,1,4,3,0,"00","00","00","000","000",2,".",0,"..","..","..","..","..","..",".",".",".",".",".",".",".",".",".",".",".",".",3,3,3,2,3,0,0,0,0,0,0,1,0,1,0,1,".",".",".",60,60,60,60,58,52,53,"56","40",54,54,".","..","..",1,1,2,4,1,1,1,1,1,1,1,".",".",".",2,2,2,2,1,3,4,3,2,1,1,".",".",".",5,5,5,2,2,2,1,1,1,3,3,".",".",".",4,4,5,3,3,5,5,3,3,5,3,".",".",".",4,4,3,5,4,5,4,4,4,0,0,".",".",".",5,1,1,1,5,0,6,1,3,1,0,".",".",".",1,1,1,1,1,1,1,1,1,1,1,".",".",".",1,1,1,3,4,1,4,2,2,1,3,".",".",".",3,2,3,0,3,3,1,8,1,0,0,0,1,1,1,0,0,0,1,1,0,0,1,0,0,0,1,1,1,1,1,1,1,1,".",1,".",".",".",".",".",".",16,9,14,11,20,14,14,20,9,17,15,17,14,10,8,16,16,15,18,20,"293"
"072",0,79,4,1,1,1,"03","..",79,2,2,1,"04","04",1,1,4,1,4,3,4,"00","00","00","000","000",1,1,4,"48","38","33","33","..","..",3,4,4,4,".",".",1,1,1,1,".",".",4,2,3,3,0,0,0,0,0,0,0,0,1,1,0,0,0,".",".",60,65,83,60,82,77,88,"90","79",68,65,68,"..","..",1,1,1,1,1,1,1,1,1,1,1,1,".",".",2,2,2,2,2,3,3,1,1,2,2,3,".",".",4,4,4,4,2,2,1,1,1,3,3,3,".",".",1,1,1,1,2,2,5,1,1,1,1,5,".",".",2,3,4,3,4,4,4,4,4,0,0,0,".",".",1,1,0,0,1,1,1,0,0,1,6,5,".",".",1,2,2,2,1,1,1,1,1,1,1,1,".",".",3,2,1,1,1,3,4,4,4,3,3,4,".",".",0,0,0,0,3,0,2,8,2,2,1,1,0,0,0,0,0,0,0,0,0,0,0,1,0,0,0,1,1,0,1,1,0,3,1,2,1,1,1,2,3,3,13,9,8,9,9,6,8,8,5,9,8,8,5,12,8,7,7,2,11,12,"164"
"073",1,56,17,4,3,1,"23","16",40,3,3,1,"04","04",2,3,4,2,3,4,4,"02","00","00","000","002",1,4,2,"37","33","..","..","..","..",4,5,".",".",".",".",1,2,".",".",".",".",4,3,3,2,3,1,0,1,1,1,1,1,0,0,1,1,0,".",".",42,38,54,40,54,42,50,"53","40",38,75,45,"..","..",3,3,3,1,5,4,3,3,1,4,1,1,".",".",3,3,3,3,4,3,4,3,3,1,1,".",".",".",5,5,4,5,2,2,2,1,1,1,3,3,".",".",3,5,3,5,5,4,5,3,3,5,3,3,".",".",4,1,4,4,5,1,5,3,5,5,0,0,".",".",5,5,5,5,4,4,1,4,4,4,3,1,".",".",2,2,2,1,1,1,1,1,1,1,2,2,".",".",1,1,1,1,3,1,3,1,3,3,4,3,".",".",2,0,0,2,2,0,2,8,1,1,0,0,1,0,1,1,0,0,0,0,0,0,0,1,1,0,0,1,0,0,1,1,1,1,".",2,1,1,1,2,2,2,31,23,24,21,22,23,21,19,17,22,24,23,17,19,22,26,26,26,25,36,"467"
"074",0,46,8,4,1,1,"19","..",46,2,2,1,"04","04",2,1,3,1,3,4,0,"15","00","00","000","015",1,3,2,"14","10","..","..","..","..",1,1,".",".",".",".",1,1,".",".",".",".",3,3,3,3,0,0,0,0,0,0,0,0,0,1,0,1,1,".",".",53,55,47,47,47,56,48,"73","60",42,63,47,"..","..",3,2,1,1,1,1,1,1,1,3,1,1,".",".",2,2,2,2,3,2,3,1,1,1,1,1,".",".",5,5,5,2,2,2,1,1,1,3,2,2,".",".",2,3,3,3,4,3,5,3,2,1,1,1,".",".",5,3,3,5,5,5,5,5,3,1,0,0,".",".",6,4,4,2,2,1,1,3,1,6,6,6,".",".",1,1,1,2,2,1,2,1,2,2,2,2,".",".",1,1,1,2,2,1,2,4,2,2,4,2,".",".",0,0,1,0,1,3,3,8,1,1,1,1,0,0,1,0,0,0,1,0,1,0,1,1,1,0,0,1,0,0,1,0,0,1,".",2,1,1,1,1,3,3,18,20,14,16,21,14,16,19,12,20,13,19,10,21,11,23,14,19,15,14,"329"
"075",1,61,17,4,2,1,"25","12",49,3,1,1,"04","04",2,2,3,1,4,4,0,"00","00","00","000","000",2,3,1,"26","..","..","..","..","..",5,".",".",".",".",".",1,".",".",".",".",".",3,3,3,3,2,0,0,1,1,1,0,1,1,1,1,1,1,".",".",40,45,52,67,54,58,60,"27","23",58,57,58,"..","..",1,2,4,1,3,2,2,1,1,2,1,3,".",".",3,3,3,3,2,2,2,4,".",1,1,1,".",".",4,4,5,5,2,2,1,1,1,3,3,3,".",".",4,4,4,4,3,3,2,5,5,1,1,1,".",".",4,4,2,4,4,4,2,2,2,0,0,0,".",".",5,5,5,4,4,2,6,4,4,2,3,4,".",".",1,1,1,1,1,1,1,1,1,1,1,1,".",".",3,1,1,4,4,2,3,4,1,1,1,1,".",".",0,0,0,2,1,0,3,8,2,1,1,1,1,1,1,1,9,0,1,0,1,0,0,1,1,1,0,1,0,0,1,1,0,3,3,2,1,1,1,1,".",".",20,21,17,12,27,14,13,19,12,18,15,8,11,21,16,14,16,9,17,16,"316"
"076",1,67,17,4,1,1,"23","..",67,4,3,3,"12","15",1,3,4,1,4,3,4,"02","00","00","000","002",1,3,2,"39","37","..","..","..","..",5,5,".",".",".",".",1,1,".",".",".",".",2,3,1,1,1,1,1,1,1,1,0,1,".",".",".",".",".",".",".",69,66,69,67,66,65,66,"..","..","..","..","..","..","..",4,1,1,1,4,3,1,".",".",".",".",".",".",".",4,4,1,1,2,3,1,".",".",".",".",".",".",".",5,4,2,2,2,1,3,".",".",".",".",".",".",".",5,5,3,3,3,4,3,".",".",".",".",".",".",".",1,4,3,4,3,5,1,".",".",".",".",".",".",".",4,3,5,2,4,1,4,".",".",".",".",".",".",".",1,2,1,1,1,2,2,".",".",".",".",".",".",".",4,2,4,3,3,3,1,".",".",".",".",".",".",".",0,0,0,0,0,0,3,3,2,1,1,0,0,0,1,0,0,0,1,0,0,0,0,1,1,0,0,1,0,0,0,1,0,4,".",2,1,2,1,2,2,2,24,18,16,18,26,17,15,19,15,13,18,17,14,29,19,22,21,14,23,17,"375"
"077",0,25,17,4,1,1,"25",,25,4,3,3,"17","17",2,1,4,2,4,4,1,"10","04","00","002","016",1,1,0,"..","..","..","..","..","..",".",".",".",".",".",".",".",".",".",".",".",".",1,3,3,0,2,0,0,0,0,0,0,1,1,1,".",".",".",".",".",28,24,30,25,25,26,90,"60","29","..","..","..","..","..",3,3,1,1,1,1,4,1,1,".",".",".",".",".",4,4,4,4,4,4,1,3,4,".",".",".",".",".",5,5,4,2,2,2,1,1,1,".",".",".",".",".",5,5,5,5,5,5,2,5,5,".",".",".",".",".",2,5,5,2,3,5,2,2,3,".",".",".",".",".",5,3,5,3,3,1,3,3,4,".",".",".",".",".",2,2,2,1,1,1,2,1,1,".",".",".",".",".",1,3,3,3,4,3,4,4,3,".",".",".",".",".",0,0,0,4,4,0,3,4,2,1,1,0,1,1,1,0,0,0,1,0,1,0,0,1,1,0,0,1,1,0,1,1,1,3,1,2,1,1,1,2,".",".",28,21,15,15,26,16,9,18,11,25,19,18,12,31,21,22,28,24,14,29,"402"
"096",0,55,14,4,3,1,"24","17",38,3,1,1,"06","06",3,1,2,2,4,4,4,"10","05","00","000","015",1,1,3,"30","26","23","..","..","..",3,3,4,".",".",".",1,1,1,".",".",".",4,3,4,4,0,0,0,1,0,0,".",".",".",".",".",".",".",".",".",62,38,60,30,60,"..","..","..","..","..","..","..","..","..",1,1,3,1,1,".",".",".",".",".",".",".",".",".",1,1,1,4,3,".",".",".",".",".",".",".",".",".",2,4,1,2,4,".",".",".",".",".",".",".",".",".",4,3,2,5,5,".",".",".",".",".",".",".",".",".",3,4,3,3,5,".",".",".",".",".",".",".",".",".",4,5,4,3,6,".",".",".",".",".",".",".",".",".",1,1,1,1,1,".",".",".",".",".",".",".",".",".",2,1,4,2,1,".",".",".",".",".",".",".",".",".",2,0,2,3,1,0,2,5,3,2,1,0,0,0,1,1,1,0,1,0,0,0,0,1,1,0,0,1,0,0,1,1,0,2,".",2,1,1,1,1,3,3,35,25,20,21,30,22,21,28,13,26,28,13,12,39,24,21,20,28,26,24,"476"
"097",1,68,4,4,1,1,"30","..",68,1,1,1,"00","00",2,0,3,0,4,1,3,"..","..","..","…","…",1,1,4,"50","48","40","38","..","..",5,5,5,5,".",".",1,1,1,1,".",".",0,3,4,1,0,1,0,1,1,1,1,1,1,1,".",".",".",".",".",65,70,63,80,71,71,58,"48","38","..","..","..","..","..",2,2,2,2,1,1,1,1,1,".",".",".",".",".",2,1,1,1,1,1,1,4,3,".",".",".",".",".",2,2,2,1,1,1,1,1,1,".",".",".",".",".",2,2,1,1,2,2,1,5,5,".",".",".",".",".",5,5,1,3,1,4,4,0,0,".",".",".",".",".",1,1,5,3,4,1,1,4,3,".",".",".",".",".",1,1,2,1,1,1,1,1,1,".",".",".",".",".",3,3,1,1,3,2,2,3,3,".",".",".",".",".",0,0,1,0,3,0,3,2,1,1,1,0,0,0,1,0,0,1,0,0,1,1,1,0,1,0,0,1,0,1,1,1,0,".",".",2,1,".",".",".",2,2,15,20,17,15,18,17,18,21,11,11,20,8,12,14,9,8,11,11,16,11,"283"
"098",1,61,4,2,1,1,"01","..",61,1,1,1,"04","00",1,1,1,0,1,2,0,"00","00","00","000","000",2,".",".","..","..","..","..","..","..",".",".",".",".",".",".",".",".",".",".",".",".",0,6,6,6,0,1,1,1,".",".",".",".",".",".",".",".",".",".",".",60,57,72,"..","..","..","..","..","..","..","..","..","..","..",1,1,1,".",".",".",".",".",".",".",".",".",".",".",2,1,1,".",".",".",".",".",".",".",".",".",".",".",2,2,1,".",".",".",".",".",".",".",".",".",".",".",2,2,0,".",".",".",".",".",".",".",".",".",".",".",1,3,1,".",".",".",".",".",".",".",".",".",".",".",2,3,6,".",".",".",".",".",".",".",".",".",".",".",1,1,1,".",".",".",".",".",".",".",".",".",".",".",4,4,2,".",".",".",".",".",".",".",".",".",".",".",0,0,0,0,4,0,3,1,2,2,1,1,1,1,1,1,1,1,1,1,1,1,1,0,0,1,0,1,0,1,0,1,1,3,3,2,1,1,1,2,".",".",13,10,8,12,13,11,8,13,7,9,9,8,8,15,9,8,8,6,11,9,"195"
"099",1,55,12,4,3,1,"41","22",33,3,2,1,"06","06",2,1,3,1,4,1,4,"08","05","00","000","013",1,3,2,"25","21","..","..","..","..",5,5,".",".",".",".",2,1,".",".",".",".",0,2,1,2,0,1,1,0,1,1,".",".",".",".",".",".",".",".",".",62,69,48,55,45,"..","..","..","..","..","..","..","..","..",2,3,3,1,1,".",".",".",".",".",".",".",".",".",3,3,1,2,4,".",".",".",".",".",".",".",".",".",2,2,1,3,3,".",".",".",".",".",".",".",".",".",4,4,3,3,5,".",".",".",".",".",".",".",".",".",4,4,5,0,0,".",".",".",".",".",".",".",".",".",4,4,1,6,6,".",".",".",".",".",".",".",".",".",1,1,1,2,2,".",".",".",".",".",".",".",".",".",3,4,2,2,1,".",".",".",".",".",".",".",".",".",1,1,0,1,1,0,3,3,0,0,1,1,1,1,1,0,1,0,1,1,0,0,0,0,1,0,0,1,0,0,1,1,0,1,".",1,2,2,1,2,2,3,20,19,17,15,23,21,17,22,13,18,14,17,14,25,14,15,18,13,20,17,"352"
